,0
0,matthelders
1,donnavekic
2,rahulgrit
3,ryn.will.dsgn
4,uglyirishhouses
5,taikawaititi
6,jamieoliver
7,hamillhimself
8,shitlondonguinness
9,amelie_lens
10,lhcbexperiment
11,greengloves777
12,mick9367
13,emmygene7
14,actuallychristinahendricks
15,gaeilgeoiri_baile_ghib
16,lab_111
17,bigdirtyfry
18,tvpeopleband
19,fluffaaaaay
20,_nikhef
21,paulbettany
22,insideawave
23,ratp
24,jonfavreau
25,disneymovieinsiders
26,thekillers
27,zoesaldana
28,gal_gadot
29,channel4news
30,prattprattpratt
31,newyorkermag
32,rottentomatoes
33,marvel
34,hughsthat
35,usc_universum
36,arcticmonkeys
37,an.stor
38,conorbradycom
39,katie._farrell
40,bairbrex
41,km3net
42,springsteen
43,buckledown_
44,thenational
45,gedassarpis
46,stephen_coleman_1993
47,alisonbrie
48,januaryjones
49,cases93
50,cahersiveen
51,phillyflippy
52,thehughjackman
53,graemenail
54,markruffalo
55,chrishemsworth
56,twhiddleston
57,tomholland2013
58,martinscorsese_
59,marvelstudios
60,trinitycollegedublin
61,robertdowneyjr
62,oharatomas
